{
	"description": "项目配置文件。",
	"setting": {
		"urlCheck": false,
		"es6": true,
		"postcss": true,
		"preloadBackgroundData": false,
		"minified": true,
		"newFeature": true,
		"coverView": true,
		"autoAudits": false,
		"showShadowRootInWxmlPanel": true,
		"scopeDataCheck": false,
		"checkInvalidKey": true,
		"checkSiteMap": true,
		"uploadWithSourceMap": true,
		"babelSetting": {
			"ignore": [],
			"disablePlugins": [],
			"outputPath": ""
		},
		"useCompilerModule": false,
		"userConfirmedUseCompilerModuleSwitch": false
	},
	"compileType": "miniprogram",
	"libVersion": "2.11.0",
	"appid": "wx98d9a7f454d7d6d9",
	"projectname": "mina",
	"isGameTourist": false,
	"simulatorType": "wechat",
	"simulatorPluginLibVersion": {},
	"condition": {
		"search": {
			"current": -1,
			"list": []
		},
		"conversation": {
			"current": -1,
			"list": []
		},
		"plugin": {
			"current": -1,
			"list": []
		},
		"game": {
			"currentL": -1,
			"list": []
		},
		"gamePlugin": {
			"current": -1,
			"list": []
		},
		"miniprogram": {
			"current": -1,
			"list": [
				{
					"id": -1,
					"name": "pages/food/index",
					"pathName": "pages/food/index",
					"query": "",
					"scene": null
				},
				{
					"id": -1,
					"name": "pages/cart/index",
					"pathName": "pages/cart/index",
					"query": "",
					"scene": null
				},
				{
					"id": -1,
					"name": "pages/my/index",
					"pathName": "pages/my/index",
					"query": "",
					"scene": null
				},
				{
					"id": -1,
					"name": "pages/my/comment",
					"pathName": "pages/my/comment",
					"scene": null
				}
			]
		}
	}
}